Name,ID,edge1,edge2
Lee Anne Wong,0,0,603
Pat Neely,1,0,555
Ben Sargent & Dr. Klaw,2,0,398
Chef Carlo Cracco,3,0,276
George Pagonis,4,0,132
Magnum,5,0,58
Jumia Food,6,1,611
Roy Yamaguchi,7,1,265
Chili's Grill & Bar,8,2,345
José Andrés,9,2,265
Big Fernand,10,2,182
Taco Bell Panamá,11,3,608
Dunkin' Donuts,12,3,484
Eckart Witzigmann,13,3,450
Boston Market,14,3,377
Christina Tosi,15,3,352
Domino's Pizza,16,3,299
Ernst Knam,17,3,228
NishaMadhulika,18,3,185
Nutella Cafe Chicago,19,3,65
Maria Loi,20,3,40
Domino's Pizza,21,4,336
Delverde,22,4,287
Dean Fearing,23,4,265
Nando's,24,4,254
KFC,25,5,503
foodpanda,26,6,518
McDonald's Vietnam,27,6,486
Nando's,28,6,478
Bahama Breeze Island Grille,29,6,429
Nando's PERi-PERi,30,6,163
McDonald's,31,7,583
Sanjeev Kapoor,32,7,444
Lillie's Asian Cuisine,33,7,339
Chef Shirley Chung,34,7,305
Chef Robert Irvine,35,7,293
Ravintola Salve,36,7,265
Russell Jackson,37,7,35
McDonald's,38,8,434
Chef Mary Sue Milliken,39,8,369
Chef Hirohiko Shoda,40,8,278
Matt Moran,41,8,98
KFC,42,8,73
Roy Choi,43,9,611
Kirti Bhoutika,44,9,593
McDonald's,45,9,570
Per Se,46,9,550
Hard Rock Cafe Ibiza,47,9,498
McDonald's,48,9,465
Yard House,49,9,446
Chef Billy Parisi,50,9,434
KFC,51,9,351
KFC,52,9,340
Chef Cynthia Louise,53,9,317
Chef Casey Thompson,54,9,289
River Crab Blue Water Inn,55,9,288
Alex Guarnaschelli,56,9,265
Taco Bell Careers,57,9,254
Chef Jamie Gwen,58,9,249
Douglas Keane,59,9,248
Cat Cora,60,9,229
Éric Frechon,61,9,206
Manu Feildel,62,9,189
McDonald's,63,9,131
Diego Guerrero,64,9,107
Cuoco Filippo La Mantia,65,9,90
Emmi CAFFÈ LATTE,66,9,89
David Chang,67,9,67
Dan Kluger,68,9,56
Celler de Can Roca,69,9,23
Chef Daniel Boulud,70,9,15
Olive Garden,71,10,393
Relais & Châteaux,72,10,258
Chili's México,73,11,485
foodpanda,74,11,380
Domino's Pizza,75,11,264
Texas Roadhouse,76,11,259
Puesto,77,11,212
Gandy Dancer Saloon/Oyster Bar,78,11,174
McDonald's,79,12,618
Anjali Pathak,80,12,548
Maru Botana,81,12,310
Hilah Cooking,82,13,352
Gregory Gourdet,83,14,326
Domino's Mx,84,14,264
McDonald's,85,15,505
ad hoc & addendum,86,15,454
Geoffrey Zakarian,87,15,432
Martín Berasategui,88,15,340
Chef Kent Graham,89,15,265
Scott Conant,90,15,70
Crepes & Waffles,91,15,67
Joanna 劉韋彤,92,15,56
Guga Rocha,93,15,43
João Alcantara,94,16,613
Burger King Nederland,95,16,545
Luna Grill,96,16,516
Chef Kiran Jethwa,97,16,466
foodpanda,98,16,400
foodpanda,99,16,374
McDonald's,100,16,334
達美樂披薩,101,16,274
Amy Thielen,102,16,237
Carlos Bertolazzi,103,16,119
Juliana Lopez May,104,16,117
Dunkin' Donuts,105,16,75
Burger King Thailand,106,17,608
Daniel Humm,107,17,450
Nando's,108,17,299
Audra Morrice,109,17,185
Katie Pix,110,17,65
Justin Warner,111,18,265
Chef Ana Paula,112,19,572
KFC,113,20,481
SORTEDfood,114,20,355
タコベル ジャパン　Taco Bell Japan,115,20,324
Chef David Burke,116,20,242
Domino's Pizza,117,20,238
McDonald's,118,20,160
Domino's Pizza,119,21,516
Buddy Valastro,120,21,441
Simon Gault,121,21,334
Matthew Kenney,122,21,329
McDonald's,123,22,420
도미노피자(Dominostory),124,22,270
KFC,125,22,187
Nando's,126,22,104
McDonald's,127,22,22
Hugh Acheson,128,23,434
Morton's The Steakhouse,129,23,343
Tim Love,130,23,340
Dining with Flynn,131,23,288
Madison Cowan,132,23,277
Lindsay Ann Bakes,133,23,257
Felicitas Pizarro,134,23,227
Spago Las Vegas,135,23,182
Fabio Viviani,136,23,157
Domino's Pizza,137,23,128
Hari Ghotra,138,23,67
McDonald's,139,23,58
Clodagh McKenna,140,23,54
Emmi CAFFÈ LATTE,141,24,591
McDonald's,142,24,547
Donal Skehan,143,24,502
Domino's Pizza,144,24,501
Taco Bell UK,145,24,306
Alex Atala,146,24,230
Nando's,147,25,363
Chef Lorena Garcia,148,26,230
KFC,149,27,424
Domino's Pizza Türkiye,150,28,527
Anne Burrell,151,28,230
Domino's Pizza,152,28,147
Whataburger,153,29,49
Grand Concourse,154,30,126
Brooke Williamson,155,31,595
Roblé,156,31,546
Chef Michelle Bernstein,157,31,543
Big Fish Seafood Bistro,158,31,524
Leslie Gilliams,159,31,518
Franklin Becker,160,31,515
Jehangir,161,31,508
Cocina familiar con Javier Romero,162,31,507
Jumia Food,163,31,491
McDonald's,164,31,488
McDonald's,165,31,449
Manjula's Kitchen - Indian Vegetarian Recipes,166,31,424
Xi'an Famous Foods 西安名吃,167,31,357
Chef Natale Giunta,168,31,327
Gary Mehigan,169,31,315
Chef Francois Payard,170,31,285
Ochikeron,171,31,269
Rachel Allen,172,31,266
Chili's Beirut,173,31,193
Taco Bell Guatemala,174,31,179
Chef Marcela Valladolid,175,31,169
foodpanda / hellofood,176,31,142
Chef Rusty Hamlin,177,31,63
Red Lobster México,178,31,48
McDonald's,179,31,41
Cadillac Bar Houston,180,32,611
Bruno Ménard,181,32,581
Bobby Flay,182,32,364
Saransh Goila,183,32,300
Food Busker,184,32,265
Mirko Ronzoni,185,32,183
MASAの料理ABC,186,32,159
Delverde,187,32,89
Dick's Drive In Restaurant,188,34,419
Jose Garces,189,34,373
翠華餐廳 Tsui Wah Restaurant,190,34,265
McDonald's,191,34,254
Carl's Jr. NZ,192,34,208
Massimo Mele,193,34,89
KFC,194,35,618
Vegan Black Metal Chef,195,35,615
Eddie V's Prime Seafood,196,35,611
Johnny Prep,197,35,601
Chef Elizabeth Falkner,198,35,597
McDonald's,199,35,536
Krispy Kreme UK,200,35,439
Ben Ebbrell - Sorted Chef,201,35,389
Vicky Ratnani,202,35,383
Hakim Chajar,203,35,338
Acapulco,204,35,289
Gavin Kaysen,205,35,265
Blue Ribbon Fried Chicken,206,35,243
Paul Qui,207,35,198
Chef Sue Zemanick,208,35,195
Cadillac Bar Kemah,209,35,131
Gandy Dancer,210,35,90
Zoёs Kitchen,211,35,89
Taco Bell Costa Rica,212,35,87
Nando's,213,35,58
Chart House,214,35,56
El Torito,215,36,490
foodpanda - 空腹熊貓,216,37,389
Marcus Samuelsson,217,38,518
Dunkin' Donuts,218,39,603
Dunkin' Donuts,219,39,576
Jumia Food,220,39,509
Chef Jennifer Carroll,221,40,538
KFC,222,40,484
Grotto,223,40,352
Christian Le Squer,224,40,344
Francis Mallmann,225,40,333
Hardee's,226,40,240
Wolfgang Puck,227,41,611
Jock Zonfrillo,228,41,594
Chef Jet Tila,229,41,465
Nando's,230,41,434
Crystal Jade Palace - JW Marriott Hotel Hanoi,231,41,397
Santiago Giorgini,232,41,321
Franklin Barbecue,233,41,282
"Subway, Cayman Islands",234,41,265
Anne-Sophie Pic,235,41,193
Fast Ed,236,41,121
Domino's Pizza,237,41,109
Seamus Mullen,238,41,62
Chef Carmen Gonzalez,239,42,467
Antonino Cannavacciuolo,240,43,577
Taco Bell India,241,43,505
Alfred Portale,242,43,360
Chef Brian Duffy,243,43,340
Guy Savoy,244,43,265
Ludo Lefebvre,245,43,253
Bobby's Burger Palace,246,43,229
Red Robin Gourmet Burgers,247,43,102
Tom Aikens,248,43,83
Dunkin' Donuts,249,43,67
Nyesha Arrington,250,43,39
Alex French Guy Cooking,251,44,265
Charley's Crab,252,45,524
Narda Lepes,253,45,518
Mei Lin,254,45,461
맥도날드 (McDonald's),255,46,578
McDonald's Paraguay,256,46,550
Marc Forgione,257,46,417
Christophe Michalak,258,46,317
Taco Bell El Salvador,259,46,110
Chef Dana Cohen HK,260,46,86
Nicko's Kitchen,261,46,67
Amandine Chaignot,262,47,508
Domino's Guatemala,263,47,500
Taco Bell,264,47,475
Logan Junior Chef,265,48,524
Magnum,266,48,518
Dunkin' Donuts,267,48,164
Tom Douglas Restaurants,268,49,512
Raymond Blanc,269,49,293
Delverde,270,49,196
Claire Robinson,271,49,188
Francesco Sole,272,49,71
Ignacio Mattos,273,50,578
Domino's Pizza,274,50,562
Chef Charlie Palmer,275,50,544
KFC,276,50,483
Chef Rick Tramonto,277,50,389
On The Border,278,50,340
Nando's,279,50,330
Emmi CAFFÈ LATTE,280,50,289
Cindy Pawlcyn,281,50,183
Karen Martini,282,50,182
Angelo Sosa,283,50,171
Domino's Pizza,284,50,131
Shane Delia,285,50,70
Taste of London,286,50,67
Magnum,287,52,494
Tom Colicchio,288,52,113
Michel Nischan,289,53,122
Pablo Massey,290,54,536
Chef Ben Churchill,291,54,275
McDonald's,292,54,265
Chef Sheldon Simeon,293,54,89
Famous Dave's Bar-B-Que of America,294,55,452
foodpanda,295,55,437
KFC,296,55,252
McDonald's,297,55,214
Barbie Marshall,298,55,210
Cristian D'Elia,299,55,158
Kunal Kapur,300,55,154
hellofood,301,55,78
Chef G. Garvin,302,56,617
Magnum,303,56,616
Chili's Tunisie,304,56,611
Outback Steakhouse,305,56,603
Nando's,306,56,601
McDonald's,307,56,597
Opry City Stage,308,56,584
Chef Claudia's Cocina,309,56,577
Dunkin' Coffee,310,56,505
Domino's Australia,311,56,479
Duff Goldman,312,56,465
McDonald's,313,56,439
UMass Dining,314,56,389
McDonald's,315,56,383
McDonald's,316,56,375
Jacques Pépin,317,56,359
Telepizza Guatemala,318,56,351
KFC,319,56,350
Susur Lee,320,56,345
Eddie Jackson - FIT CHEF EDDIE,321,56,340
The Tuscan Gun,322,56,338
Enrique Olvera,323,56,289
Cesare Casella,324,56,265
Camille Becerra,325,56,244
Dairy Queen,326,56,238
McDonald's,327,56,235
McDonald's,328,56,229
Domino's Pizza,329,56,217
Jimmy John's,330,56,198
Bubba Gump Shrimp Co.,331,56,195
KFC,332,56,182
Niko Romito,333,56,151
Domino's Pizza,334,56,131
McDonald's,335,56,130
Magnum,336,56,128
Alberto Chicote,337,56,116
Dean Sheremet,338,56,102
Carrabba's Italian Grill,339,56,90
Eric Ripert,340,56,89
Dan Steph & Emmy,341,56,87
Sang Yoon,342,56,70
Hubert Keller,343,56,68
Iginio Massari,344,56,67
Chuck Hughes,345,56,60
Gino D'Acampo,346,57,264
McDonald's,347,57,148
McDonald's,348,58,616
Harold Dieterle,349,58,611
Chef Carla Hall,350,58,603
Ken Oringer,351,58,601
Alain Ducasse,352,58,537
Domino's Pizza Nigeria,353,58,434
Los Petersen Cocineros,354,58,350
Michael White,355,58,302
Sonia Peronaci,356,58,265
McDonald's,357,58,90
KFC,358,58,89
Hearth,359,58,87
Monti Carlo,360,59,265
Chef Ben Ford,361,59,116
Jumia Food,362,60,439
Jean-François Piège     -      Page Officielle,363,60,389
Colin Fassnidge,364,60,350
KFC,365,60,265
Michael Lomonaco,366,60,198
FONDA MEXICANA,367,61,244
Taste Of Paris Official,368,62,611
Chili's Qatar,369,62,449
Cucina by Wolfgang Puck,370,62,392
Carl's Jr.,371,62,285
Johnny Iuzzini,372,62,282
Chef Nina Compton,373,62,269
JW Café - JW Marriott Hotel Hanoi,374,62,266
Levi Eirinberg,375,62,265
Pierre Gagnaire,376,62,193
Alessandro Borghese,377,62,169
Chef Adrianne,378,63,602
Burger Lounge,379,63,572
Taco Bell Rep Dom,380,63,518
Luke Thomas,381,63,504
Domino's Pizza,382,63,448
Chef Michael Ferraro,383,63,164
Chef Michael Smith,384,63,139
Juan Mari Arzak (Página oficial),385,63,45
Josh Marks,386,64,498
Chope,387,65,608
Valentin Neraudeau,388,65,450
Emily Ellyn,389,65,333
Chope,390,65,299
Danny Smiles,391,65,240
Simon Bryant,392,65,185
foodpanda,393,66,141
Steve Konopelski,394,67,611
McDonald's,395,67,603
Veggie Grill,396,67,593
My Cupcake Addiction,397,67,578
KFC,398,67,577
Skinny Chef,399,67,570
Domino's Pizza,400,67,550
Mathieu Pacaud,401,67,531
Second Floor Cafe 貳樓餐飲,402,67,505
Christophe Bacquie,403,67,498
ChefAlexander,404,67,469
Pescaria,405,67,465
Chef Todd Mohr,406,67,445
Gemma Stafford,407,67,440
Paul Hollywood,408,67,434
The Edgy Veg,409,67,419
Noma,410,67,416
Chef Grace Ramirez,411,67,410
Papacho's,412,67,389
Harlem EatUp,413,67,372
麥當勞,414,67,352
KFC,415,67,351
Magnum,416,67,340
Princi,417,67,338
Chetna Makan,418,67,325
Melissa King,419,67,323
Delverde,420,67,317
McDonald's,421,67,291
DedeMed,422,67,289
KFC,423,67,288
McDonald's,424,67,265
Crystal Jade Singapore,425,67,254
Ranveer Brar,426,67,253
Jumia Food,427,67,249
McDonald's,428,67,248
Jumia Food,429,67,245
McDonald's,430,67,229
Hardee's Pakistan,431,67,198
Graham Elliot,432,67,189
Peter Kuruvita,433,67,183
Chef Mark Garcia,434,67,181
Ricardo Cuisine,435,67,146
Chef Andrew Gruel,436,67,131
Big Fish Seafood Bistro,437,67,107
Nando's,438,67,102
Donatella Arpaia,439,67,90
John Whaite,440,67,89
Domino's Pizza,441,67,70
Four Seasons Hotels and Resorts,442,67,68
Noëmie Honiat Top Chef,443,68,603
Roy's Restaurant,444,68,505
Marcel Vigneron,445,68,340
Virginia Willis,446,68,288
Pollo Campero Guatemala,447,68,265
McDonald's,448,68,242
Chef Pete Evans,449,68,198
Christian Bau,450,68,70
Nikki Dinki,451,69,498
Meriwether's,452,69,385
Sam Choy,453,69,253
Zac Kara,454,70,616
Dale Talde,455,70,611
Cook with Amber,456,70,601
McDonald's,457,70,599
Christine Ha,458,70,593
Chef Clément,459,70,577
Karlos Arguiñano,460,70,570
Emmi CAFFÈ LATTE,461,70,550
Chef Guy Martin,462,70,536
Emma Frisch,463,70,505
Cook with Chef Duminda,464,70,498
Doug Adams,465,70,473
KFC,466,70,465
KFC,467,70,439
PROPERCORN,468,70,434
Germán Martitegui,469,70,403
Pierre Sang Boyer Officiel,470,70,383
foodpanda,471,70,342
Marc Veyrat,472,70,340
Blue Ribbon Restaurants,473,70,323
Quique Dacosta,474,70,317
Steak 'n Shake,475,70,288
Christophe Adam,476,70,275
Dunkin' Donuts,477,70,269
Jumia Food,478,70,265
Chef Derrick Fox,479,70,254
McDonald's,480,70,249
Dina Nikolaou,481,70,248
Aliya LeeKong,482,70,244
Chick-fil-A,483,70,235
Andy Luotto,484,70,229
Taco Bell Cyprus,485,70,205
Jumia Food,486,70,189
McDonald's,487,70,181
McDonald's,488,70,170
Five Guys,489,70,116
RED Sushi and Hibachi Grill,490,70,107
McDonald's República Dominicana,491,70,102
Burger King México,492,70,90
Pedro Lambertini,493,70,89
KFC,494,70,72
Olive Garden México,495,71,495
Aquarium Restaurant - Nashville,496,71,265
Jumia Food,497,72,269
Dani García,498,72,240
Tom's Kitchen,499,75,613
Destino Ibiza,500,75,516
Nando's,501,75,400
Nando's,502,75,334
Magnum,503,75,274
McDonald's Deutschland Karriere,504,75,237
René Redzepi,505,75,119
Martha Collison,506,75,117
McDonald's,507,75,75
McDonald's,508,76,483
Suzanne Goin,509,77,379
Stephanie Izard,510,78,452
Angel Leon Gonzalez,511,78,437
Seasons 52,512,78,331
Lío,513,78,252
"Mary Nolan, Bon Appétit Executive Chef",514,78,214
McDonald's,515,78,210
Domino's Pizza,516,78,158
Guillaume Gomez,517,78,154
McDonald's,518,79,595
Thierry Rautureau,519,79,546
T-rex Cafe,520,79,518
Dunkin' Donuts,521,79,507
KFC,522,79,491
Burger King Malaysia,523,79,414
McDonald's,524,79,85
Taco Bell Kuwait,525,80,138
Paul Bocuse,526,81,563
Nando's,527,81,290
Wichcraft,528,82,584
Gaston Acurio,529,82,451
Relais & Châteaux,530,82,409
Spike Mendelsohn,531,82,389
McDonald's,532,82,261
Charley's Crab,533,82,171
Peohe's,534,83,465
Jumia Food,535,83,317
Bradley Ogden,536,83,288
The Habit Burger Grill,537,83,265
Bruno Barbieri,538,83,254
Wings,539,83,89
Chevys Fresh Mex,540,84,545
McDonald's,541,84,374
La Griglia,542,84,329
McDonald's,543,85,518
Chef Sam Talbot,544,85,507
Domino's Pizza,545,85,335
McDonald's,546,85,292
Nando's,547,86,578
Dunkin' Donuts,548,87,616
Maneet Chauhan,549,87,611
Bryce Shuman,550,87,601
McDonald's,551,87,597
YANNICK ALLENO OFFICIEL,552,87,580
Chef Jimmy Boswell,553,87,576
Chef Damaris Phillips,554,87,479
KFC,555,87,439
Dunkin' Donuts,556,87,389
Chef Maeve Rochford,557,87,375
Chef Rick Moonen,558,87,350
KFC,559,87,340
CAKE-BOY,560,87,338
Brew Bistro and Lounge,561,87,289
משה שגב / Moshe Segev,562,87,265
Donato De Santis,563,87,257
Outlander Kitchen,564,87,229
KFC,565,87,227
McDonald's,566,87,217
Ogro Jimmy,567,87,198
José Santaella,568,87,182
Roxanne Spruance,569,87,175
Kristen Kish,570,87,151
Bruno Oteiza,571,87,131
McDonald's,572,87,90
McDonald's,573,87,89
Emmi CAFFÈ LATTE,574,88,550
Chef Rubio,575,88,498
Susan Feniger,576,88,474
D'O - Davide Oldani,577,88,460
The French Laundry,578,88,434
McDonald's,579,88,265
Josh Elkin,580,89,601
Kevin Dundon,581,89,597
RIBS - True American Barbecue,582,89,584
Bonefish Grill,583,89,570
Julia Child,584,89,569
McDonald's,585,89,558
McDonald's,586,89,505
Eva Arguiñano,587,89,465
Thomas Keller,588,89,446
Five Guys,589,89,432
Norbert Tarayre,590,89,351
Nando's,591,89,350
Frantzén,592,89,343
Chef Richard Sandoval,593,89,340
Al Brown New Zealand Chef,594,89,324
McDonald's Japan,595,89,317
McDonald's,596,89,300
Aarón Sánchez,597,89,288
KFC,598,89,275
James Martin,599,89,254
Anis Nabilah,600,89,248
Chef Marc Murphy,601,89,245
McDonald's,602,89,221
Elizabeth Karmel,603,89,217
Chef Jamie DeRosa,604,89,182
foodpanda,605,89,155
Pollo Campero El Salvador,606,89,151
Chef Alex Levin,607,89,136
Pasqualino Barbasso,608,89,128
Domino's Pizza,609,89,116
Eduardo Palazuelos,610,89,90
Robin Miller,611,90,616
McDonald's,612,90,611
Domino's Pizza,613,90,603
Chef Diego Lozano,614,90,601
Chef Aaron McCargo Jr,615,90,597
John DeLucie,616,90,584
Samin Nosrat,617,90,580
Subway,618,90,550
KFC,619,90,505
Name,ID,90,479
,,90,473
,,90,439
,,90,434
,,90,413
,,90,389
,,90,373
,,90,372
,,90,355
,,90,351
,,90,350
,,90,342
,,90,340
,,90,324
,,90,317
,,90,289
,,90,275
,,90,265
,,90,242
,,90,238
,,90,229
,,90,227
,,90,217
,,90,208
,,90,206
,,90,198
,,90,195
,,90,182
,,90,157
,,90,151
,,90,131
,,90,130
,,90,116
,,91,563
,,91,253
,,92,186
,,93,614
,,93,567
,,93,146
,,93,103
,,93,94
,,94,103
,,95,523
,,95,492
,,96,537
,,96,379
,,96,211
,,97,265
,,98,605
,,98,471
,,98,295
,,98,216
,,98,99
,,98,74
,,99,431
,,99,142
,,99,108
,,100,518
,,101,545
,,101,374
,,101,329
,,101,311
,,101,216
,,101,152
,,101,124
,,102,554
,,103,567
,,104,563
,,104,469
,,104,290
,,104,253
,,104,187
,,105,548
,,105,521
,,106,583
,,106,444
,,106,305
,,107,550
,,107,505
,,107,498
,,107,416
,,107,383
,,107,340
,,107,317
,,107,291
,,107,265
,,108,547
,,108,527
,,108,230
,,108,147
,,109,320
,,109,181
,,109,169
,,110,578
,,111,451
,,111,389
,,111,265
,,111,229
,,112,498
,,112,265
,,113,559
,,113,555
,,113,522
,,113,494
,,113,398
,,113,358
,,113,319
,,113,276
,,113,222
,,114,397
,,114,389
,,114,201
,,114,200
,,114,184
,,114,143
,,114,138
,,114,134
,,115,145
,,116,616
,,116,611
,,116,593
,,116,558
,,116,536
,,116,446
,,116,434
,,116,372
,,116,366
,,116,342
,,116,275
,,116,265
,,116,248
,,116,243
,,116,198
,,116,182
,,116,151
,,117,613
,,117,545
,,117,516
,,117,466
,,117,334
,,117,119
,,118,518
,,118,507
,,119,613
,,119,545
,,119,334
,,120,375
,,120,265
,,121,553
,,121,433
,,121,265
,,121,227
,,123,524
,,123,518
,,123,491
,,123,347
,,123,292
,,123,179
,,124,613
,,124,545
,,124,374
,,125,565
,,125,423
,,125,308
,,127,524
,,127,518
,,127,347
,,128,576
,,128,570
,,128,465
,,128,446
,,128,404
,,128,373
,,128,289
,,128,265
,,128,254
,,128,208
,,128,135
,,128,131
,,130,597
,,130,432
,,130,355
,,130,340
,,130,288
,,130,217
,,130,151
,,130,136
,,131,601
,,131,597
,,131,510
,,131,505
,,131,351
,,131,343
,,131,340
,,131,325
,,131,288
,,131,265
,,131,248
,,131,238
,,131,229
,,131,217
,,131,182
,,131,157
,,131,151
,,131,122
,,132,198
,,133,407
,,133,397
,,134,563
,,134,456
,,134,251
,,134,184
,,134,143
,,135,544
,,135,458
,,135,446
,,135,386
,,135,360
,,135,359
,,135,350
,,135,321
,,135,317
,,135,281
,,135,227
,,136,611
,,136,576
,,136,568
,,136,558
,,136,536
,,136,439
,,136,422
,,136,389
,,136,265
,,136,229
,,136,208
,,136,155
,,137,441
,,137,329
,,137,311
,,137,117
,,138,418
,,139,518
,,140,581
,,140,265
,,141,574
,,141,461
,,141,280
,,141,51
,,142,596
,,142,524
,,142,518
,,142,491
,,142,164
,,143,581
,,143,580
,,143,456
,,143,407
,,143,397
,,143,265
,,143,184
,,143,182
,,143,172
,,143,151
,,144,545
,,144,441
,,144,374
,,144,311
,,144,150
,,145,525
,,145,380
,,145,264
,,145,241
,,146,567
,,146,505
,,146,498
,,146,354
,,146,253
,,146,193
,,147,591
,,147,547
,,147,527
,,147,502
,,147,501
,,147,438
,,147,279
,,147,230
,,147,126
,,148,563
,,148,498
,,148,265
,,148,253
,,149,555
,,149,522
,,149,494
,,149,319
,,149,276
,,150,613
,,150,545
,,150,374
,,150,329
,,150,311
,,151,611
,,151,603
,,151,601
,,151,597
,,151,580
,,151,389
,,151,375
,,151,345
,,151,289
,,151,265
,,152,545
,,152,441
,,152,382
,,152,374
,,152,329
,,152,311
,,152,137
,,153,412
,,154,533
,,154,452
,,154,437
,,154,331
,,154,252
,,154,223
,,154,214
,,154,210
,,154,158
,,154,129
,,155,576
,,155,570
,,155,293
,,155,265
,,155,254
,,156,483
,,157,604
,,157,603
,,157,585
,,157,510
,,157,289
,,157,288
,,157,257
,,158,452
,,158,437
,,158,252
,,158,223
,,158,214
,,158,210
,,159,458
,,159,432
,,159,397
,,159,375
,,159,360
,,159,265
,,160,383
,,161,265
,,162,610
,,162,498
,,162,323
,,163,561
,,163,535
,,163,486
,,163,478
,,164,595
,,164,546
,,164,543
,,164,524
,,164,518
,,164,515
,,164,508
,,164,507
,,164,491
,,164,488
,,164,337
,,164,327
,,164,315
,,164,307
,,164,256
,,164,179
,,164,176
,,165,596
,,165,524
,,165,518
,,165,179
,,165,165
,,166,611
,,166,418
,,166,265
,,166,183
,,166,182
,,167,601
,,168,299
,,169,611
,,169,397
,,169,282
,,169,265
,,169,181
,,170,383
,,170,340
,,171,459
,,171,406
,,171,202
,,172,611
,,172,599
,,172,581
,,172,265
,,173,369
,,174,380
,,174,318
,,174,264
,,174,259
,,174,212
,,175,611
,,175,576
,,176,497
,,176,478
,,176,427
,,176,362
,,176,301
,,176,220
,,176,216
,,177,510
,,177,389
,,177,350
,,178,539
,,178,495
,,179,605
,,179,596
,,179,524
,,179,518
,,179,491
,,179,347
,,179,292
,,180,520
,,180,496
,,180,331
,,180,209
,,181,552
,,181,476
,,181,363
,,181,352
,,181,340
,,181,320
,,181,258
,,181,248
,,181,235
,,182,611
,,182,603
,,182,473
,,182,463
,,182,456
,,182,451
,,182,439
,,182,389
,,182,375
,,182,350
,,182,345
,,182,317
,,182,300
,,182,289
,,182,265
,,182,246
,,182,229
,,182,198
,,182,195
,,183,459
,,183,265
,,183,202
,,184,456
,,184,397
,,184,251
,,185,538
,,185,432
,,185,377
,,185,356
,,185,333
,,185,240
,,186,459
,,186,414
,,186,202
,,187,514
,,187,420
,,187,270
,,187,217
,,189,340
,,189,288
,,190,393
,,191,524
,,191,518
,,191,45
,,192,559
,,192,371
,,193,449
,,193,433
,,193,285
,,193,282
,,193,273
,,194,619
,,194,398
,,194,226
,,195,597
,,195,389
,,195,350
,,195,340
,,195,257
,,195,227
,,195,217
,,195,175
,,195,151
,,198,603
,,198,601
,,198,597
,,198,580
,,198,577
,,198,558
,,198,505
,,198,432
,,198,372
,,198,355
,,198,350
,,198,340
,,198,317
,,198,265
,,198,245
,,198,238
,,198,229
,,198,217
,,198,102
,,199,566
,,199,518
,,199,316
,,202,555
,,202,426
,,202,343
,,202,340
,,202,288
,,203,435
,,203,345
,,204,540
,,204,215
,,206,473
,,207,372
,,208,601
,,208,455
,,208,446
,,208,343
,,208,340
,,208,288
,,209,33
,,210,452
,,210,437
,,210,252
,,210,223
,,212,380
,,212,264
,,212,259
,,213,502
,,214,534
,,214,533
,,214,223
,,215,540
,,215,405
,,215,278
,,216,618
,,216,402
,,217,617
,,217,611
,,217,603
,,217,601
,,217,597
,,217,589
,,217,585
,,217,580
,,217,577
,,217,576
,,217,510
,,217,473
,,217,439
,,217,413
,,217,404
,,217,350
,,217,317
,,217,289
,,217,265
,,217,245
,,217,229
,,217,102
,,218,521
,,219,548
,,220,535
,,220,518
,,220,478
,,220,441
,,220,427
,,221,265
,,222,522
,,222,494
,,222,365
,,223,542
,,223,452
,,223,252
,,224,569
,,224,552
,,224,470
,,224,443
,,224,388
,,224,376
,,224,363
,,224,352
,,224,262
,,224,258
,,224,248
,,224,235
,,225,584
,,225,563
,,225,498
,,225,493
,,225,469
,,225,290
,,225,253
,,226,431
,,226,371
,,227,577
,,227,453
,,227,442
,,227,436
,,227,370
,,227,352
,,227,265
,,227,102
,,228,392
,,229,597
,,229,576
,,229,554
,,229,549
,,229,509
,,229,505
,,229,446
,,229,440
,,229,436
,,229,396
,,229,389
,,229,361
,,229,340
,,229,317
,,229,289
,,229,265
,,229,151
,,230,591
,,230,547
,,230,527
,,230,502
,,230,501
,,230,438
,,230,306
,,230,279
,,231,425
,,232,563
,,232,498
,,232,253
,,232,146
,,232,134
,,233,265
,,234,618
,,235,578
,,235,552
,,235,472
,,235,368
,,235,363
,,235,354
,,235,352
,,235,258
,,236,282
,,237,613
,,237,545
,,237,516
,,237,400
,,237,374
,,237,334
,,237,274
,,237,119
,,237,117
,,238,616
,,238,611
,,238,603
,,238,550
,,238,449
,,238,325
,,238,289
,,238,265
,,239,616
,,240,608
,,240,563
,,240,484
,,240,450
,,240,377
,,240,299
,,241,264
,,242,611
,,242,498
,,242,434
,,242,323
,,242,265
,,242,248
,,243,521
,,243,265
,,244,472
,,244,368
,,244,352
,,244,235
,,244,224
,,245,616
,,245,611
,,245,593
,,245,580
,,245,509
,,245,473
,,245,416
,,245,340
,,245,322
,,245,291
,,245,265
,,246,265
,,247,601
,,248,611
,,248,599
,,248,550
,,248,505
,,248,499
,,248,498
,,248,352
,,249,340
,,249,288
,,250,440
,,250,39
,,251,560
,,251,456
,,252,452
,,252,437
,,253,563
,,253,505
,,253,498
,,253,469
,,253,354
,,253,323
,,254,570
,,254,558
,,254,505
,,254,465
,,254,340
,,254,288
,,254,265
,,255,518
,,256,518
,,257,616
,,257,265
,,258,476
,,258,403
,,258,363
,,259,264
,,260,458
,,260,432
,,260,386
,,260,294
,,261,451
,,261,436
,,261,397
,,261,265
,,262,470
,,262,368
,,263,613
,,263,311
,,264,525
,,264,380
,,264,318
,,265,616
,,265,615
,,265,611
,,265,601
,,265,599
,,265,597
,,265,594
,,265,588
,,265,584
,,265,578
,,265,576
,,265,570
,,265,569
,,265,558
,,265,549
,,265,531
,,265,510
,,265,505
,,265,479
,,265,476
,,265,465
,,265,464
,,265,458
,,265,456
,,265,454
,,265,449
,,265,446
,,265,439
,,265,436
,,265,433
,,265,432
,,265,426
,,265,404
,,265,397
,,265,386
,,265,384
,,265,383
,,265,375
,,265,372
,,265,364
,,265,361
,,265,360
,,265,352
,,265,351
,,265,350
,,265,349
,,265,346
,,265,345
,,265,343
,,265,341
,,265,340
,,265,338
,,265,324
,,265,322
,,265,321
,,265,320
,,265,317
,,265,312
,,265,309
,,265,302
,,265,300
,,265,288
,,265,277
,,265,275
,,265,271
,,265,265
,,265,248
,,265,175
,,267,548
,,268,463
,,268,456
,,269,599
,,269,505
,,269,410
,,269,248
,,270,420
,,271,603
,,271,482
,,272,299
,,274,613
,,274,545
,,274,516
,,274,466
,,274,400
,,274,374
,,274,334
,,274,119
,,274,117
,,275,611
,,275,584
,,275,434
,,276,619
,,276,598
,,276,555
,,276,494
,,276,398
,,276,296
,,276,276
,,279,501
,,281,404
,,282,449
,,282,392
,,282,364
,,282,341
,,282,285
,,283,350
,,284,545
,,284,374
,,286,499
,,286,368
,,287,303
,,288,616
,,288,611
,,288,576
,,288,570
,,288,550
,,288,536
,,288,528
,,288,465
,,288,459
,,288,455
,,288,434
,,288,351
,,288,350
,,288,342
,,288,340
,,288,323
,,288,317
,,288,289
,,288,248
,,289,601
,,289,597
,,289,510
,,289,505
,,289,351
,,289,343
,,289,340
,,289,325
,,289,317
,,289,248
,,289,122
,,290,563
,,290,498
,,290,469
,,291,248
,,292,612
,,292,518
,,292,421
,,292,335
,,292,328
,,292,307
,,293,570
,,297,518
,,297,448
,,298,389
,,298,386
,,298,360
,,299,577
,,299,575
,,299,538
,,299,377
,,299,356
,,299,299
,,300,611
,,300,581
,,300,564
,,300,303
,,302,536
,,303,336
,,304,369
,,305,583
,,305,339
,,306,547
,,307,524
,,307,518
,,307,335
,,308,555
,,311,613
,,312,389
,,313,524
,,313,518
,,313,488
,,314,446
,,315,524
,,315,518
,,316,518
,,317,617
,,317,611
,,317,603
,,317,584
,,317,576
,,317,550
,,317,505
,,317,446
,,317,434
,,317,404
,,317,372
,,317,352
,,317,350
,,317,343
,,317,340
,,317,324
,,318,447
,,319,619
,,319,559
,,319,522
,,319,494
,,319,398
,,319,365
,,321,404
,,321,389
,,323,610
,,323,550
,,323,498
,,323,434
,,323,340
,,324,616
,,324,611
,,324,422
,,324,372
,,325,505
,,327,518
,,327,480
,,328,596
,,328,524
,,328,518
,,328,508
,,328,491
,,329,609
,,329,545
,,329,441
,,329,382
,,329,374
,,329,311
,,330,436
,,332,494
,,334,613
,,335,518
,,335,414
,,337,498
,,338,607
,,338,505
,,339,583
,,339,444
,,340,616
,,340,611
,,340,603
,,340,601
,,340,581
,,340,568
,,340,550
,,340,505
,,340,498
,,340,473
,,340,465
,,340,459
,,340,446
,,340,440
,,340,434
,,340,355
,,340,351
,,340,343
,,340,342
,,340,248
,,340,39
,,342,597
,,342,372
,,342,351
,,342,343
,,343,616
,,343,611
,,343,558
,,343,550
,,343,536
,,343,465
,,343,459
,,343,434
,,343,372
,,343,248
,,344,377
,,345,580
,,345,531
,,345,451
,,345,435
,,345,391
,,346,599
,,347,543
,,347,524
,,347,518
,,347,488
,,348,518
,,350,611
,,350,603
,,350,463
,,350,446
,,350,434
,,350,413
,,350,404
,,350,389
,,352,616
,,353,545
,,353,441
,,353,374
,,353,311
,,354,498
,,355,616
,,355,603
,,355,550
,,356,377
,,357,596
,,357,572
,,357,543
,,357,532
,,357,524
,,357,518
,,357,515
,,357,508
,,357,504
,,357,491
,,357,448
,,357,430
,,357,395
,,357,335
,,357,313
,,357,307
,,357,179
,,357,165
,,357,164
,,357,127
,,357,118
,,357,79
,,357,63
,,357,48
,,357,45
,,358,555
,,358,494
,,358,467
,,359,404
,,360,568
,,360,479
,,360,404
,,360,389
,,361,616
,,361,611
,,361,603
,,361,576
,,361,550
,,362,478
,,363,401
,,363,388
,,363,368
,,364,458
,,364,432
,,364,397
,,364,360
,,365,555
,,365,522
,,365,398
,,367,539
,,368,352
,,369,73
,,372,616
,,372,611
,,372,603
,,372,550
,,372,465
,,372,389
,,374,613
,,374,609
,,374,516
,,374,441
,,374,400
,,374,382
,,374,334
,,374,311
,,374,119
,,374,117
,,375,432
,,375,404
,,377,608
,,377,563
,,377,538
,,377,450
,,378,604
,,381,248
,,382,545
,,383,611
,,383,442
,,385,587
,,385,571
,,385,498
,,385,352
,,386,458
,,386,432
,,386,404
,,387,530
,,387,425
,,387,390
,,389,531
,,389,458
,,389,454
,,389,451
,,389,446
,,389,432
,,395,524
,,395,518
,,395,508
,,397,600
,,397,581
,,398,598
,,398,555
,,398,522
,,399,597
,,399,197
,,400,613
,,400,545
,,400,516
,,400,466
,,400,334
,,400,119
,,400,117
,,404,458
,,404,446
,,405,540
,,408,599
,,408,581
,,408,418
,,408,265
,,408,143
,,410,505
,,411,449
,,413,597
,,414,518
,,415,393
,,416,248
,,417,578
,,418,506
,,418,440
,,419,570
,,419,465
,,419,343
,,419,288
,,419,265
,,419,254
,,419,155
,,419,128
,,419,89
,,421,595
,,421,546
,,421,524
,,421,518
,,421,491
,,423,555
,,424,518
,,424,491
,,424,480
,,424,348
,,424,256
,,424,164
,,424,118
,,426,611
,,426,459
,,427,535
,,427,478
,,428,524
,,429,535
,,429,478
,,429,427
,,429,362
,,429,220
,,429,163
,,430,518
,,432,611
,,432,479
,,432,454
,,434,597
,,434,584
,,434,505
,,434,352
,,436,611
,,436,531
,,436,489
,,437,521
,,437,452
,,438,527
,,441,545
,,441,311
,,442,129
,,443,590
,,445,576
,,445,340
,,445,250
,,445,229
,,446,616
,,446,611
,,446,603
,,446,584
,,446,558
,,446,505
,,447,606
,,448,602
,,448,585
,,448,572
,,448,518
,,448,487
,,449,611
,,449,608
,,449,553
,,449,450
,,450,538
,,453,597
,,457,524
,,457,518
,,458,611
,,458,479
,,459,555
,,460,587
,,460,582
,,460,571
,,460,498
,,460,385
,,461,574
,,465,505
,,466,613
,,466,516
,,466,334
,,466,119
,,467,555
,,467,494
,,468,499
,,469,563
,,469,505
,,469,498
,,470,470
,,470,368
,,470,352
,,474,550
,,474,498
,,476,368
,,477,521
,,478,535
,,478,497
,,478,486
,,480,518
,,485,525
,,485,380
,,485,264
,,485,259
,,485,241
,,485,212
,,485,174
,,485,145
,,485,115
,,487,518
,,488,596
,,490,33
,,491,612
,,491,579
,,491,566
,,491,515
,,491,508
,,494,598
,,494,555
,,494,522
,,495,539
,,497,535
,,498,587
,,498,571
,,498,563
,,498,530
,,498,511
,,498,505
,,498,352
,,500,513
,,501,605
,,501,547
,,501,527
,,501,502
,,501,126
,,502,547
,,502,502
,,502,126
,,503,311
,,504,518
,,505,611
,,505,599
,,505,592
,,505,550
,,507,546
,,508,518
,,515,612
,,515,518
,,516,613
,,516,545
,,516,334
,,516,119
,,517,403
,,517,235
,,517,224
,,517,181
,,518,612
,,518,602
,,518,596
,,518,595
,,518,585
,,518,579
,,518,573
,,518,572
,,518,566
,,518,546
,,518,543
,,518,532
,,518,524
,,519,584
,,522,619
,,522,598
,,522,559
,,522,555
,,523,605
,,524,596
,,524,586
,,524,579
,,524,566
,,524,551
,,524,543
,,524,541
,,524,488
,,526,558
,,526,552
,,526,536
,,526,519
,,526,517
,,526,498
,,526,462
,,526,403
,,526,388
,,526,363
,,526,352
,,526,235
,,526,224
,,526,195
,,526,181
,,526,87
,,526,70
,,527,547
,,529,474
,,529,412
,,529,253
,,536,558
,,538,608
,,544,404
,,545,613
,,545,609
,,545,334
,,545,311
,,546,595
,,546,546
,,547,591
,,548,556
,,554,577
,,554,451
,,554,389
,,555,619
,,555,598
,,555,565
,,556,556
,,557,394
,,557,227
,,557,182
,,557,151
,,557,90
,,558,616
,,558,603
,,570,505
,,570,343
,,570,340
,,571,587
,,572,572
,,575,436
,,576,603
,,576,601
,,576,584
,,578,588
,,578,550
,,584,611
,,584,603
,,584,550
,,589,601
,,591,605
,,593,597
,,593,576
,,593,558
,,593,505
,,593,343
,,593,340
,,593,323
,,593,288
,,593,275
,,597,611
,,597,603
,,597,601
,,601,616
,,601,603
,,603,616
,,615,611
,,618,471
,,618,393